-- STORE
INSERT INTO stores (id, name, address, phone, owner_id, settings) VALUES
  ('a0000000-0000-0000-0000-000000000001', 'cafe sofe 寝屋川本店', '大阪府寝屋川市池田中町1-1', '072-000-0000', '7ce8ec96-a689-41b8-983e-3cb66528b908', '{"open_time":"08:00","close_time":"20:00"}');

-- STORE_STAFF
INSERT INTO store_staff (id, store_id, user_id, role, hourly_wage) VALUES
  ('b0000000-0000-0000-0000-000000000001', 'a0000000-0000-0000-0000-000000000001', '7ce8ec96-a689-41b8-983e-3cb66528b908', 'owner', NULL),
  ('b0000000-0000-0000-0000-000000000002', 'a0000000-0000-0000-0000-000000000001', '38b8604e-a0f8-4107-8cdc-7de93f73c78f', 'manager', 1500),
  ('b0000000-0000-0000-0000-000000000003', 'a0000000-0000-0000-0000-000000000001', '54079bd5-78da-4448-aa7b-c19580a07a1a', 'staff', 1200),
  ('b0000000-0000-0000-0000-000000000004', 'a0000000-0000-0000-0000-000000000001', 'd14454e9-dc9a-48a2-ba55-e3e7b1818065', 'staff', 1100),
  ('b0000000-0000-0000-0000-000000000005', 'a0000000-0000-0000-0000-000000000001', '1052aa01-acf6-42eb-a1bb-4b54cd83286d', 'staff', 1100);

-- STORE_PLUGINS
INSERT INTO store_plugins (store_id, plugin_name, enabled, config) VALUES
  ('a0000000-0000-0000-0000-000000000001', 'punch', true, '{}'),
  ('a0000000-0000-0000-0000-000000000001', 'attendance', true, '{}'),
  ('a0000000-0000-0000-0000-000000000001', 'staff', true, '{}'),
  ('a0000000-0000-0000-0000-000000000001', 'settings', true, '{}'),
  ('a0000000-0000-0000-0000-000000000001', 'shift', true, '{}'),
  ('a0000000-0000-0000-0000-000000000001', 'shift_request', true, '{}'),
  ('a0000000-0000-0000-0000-000000000001', 'check', true, '{}');

-- PLUGIN_PERMISSIONS
INSERT INTO plugin_permissions (store_id, plugin_name, role) VALUES
  ('a0000000-0000-0000-0000-000000000001', 'punch', 'owner'),
  ('a0000000-0000-0000-0000-000000000001', 'punch', 'manager'),
  ('a0000000-0000-0000-0000-000000000001', 'punch', 'staff'),
  ('a0000000-0000-0000-0000-000000000001', 'attendance', 'owner'),
  ('a0000000-0000-0000-0000-000000000001', 'attendance', 'manager'),
  ('a0000000-0000-0000-0000-000000000001', 'staff', 'owner'),
  ('a0000000-0000-0000-0000-000000000001', 'staff', 'manager'),
  ('a0000000-0000-0000-0000-000000000001', 'settings', 'owner'),
  ('a0000000-0000-0000-0000-000000000001', 'shift', 'owner'),
  ('a0000000-0000-0000-0000-000000000001', 'shift', 'manager'),
  ('a0000000-0000-0000-0000-000000000001', 'shift', 'staff'),
  ('a0000000-0000-0000-0000-000000000001', 'shift_request', 'owner'),
  ('a0000000-0000-0000-0000-000000000001', 'shift_request', 'manager'),
  ('a0000000-0000-0000-0000-000000000001', 'shift_request', 'staff'),
  ('a0000000-0000-0000-0000-000000000001', 'check', 'owner'),
  ('a0000000-0000-0000-0000-000000000001', 'check', 'manager'),
  ('a0000000-0000-0000-0000-000000000001', 'check', 'staff');

-- TIME_RECORDS (2 weeks of data)
INSERT INTO time_records (store_id, staff_id, clock_in, clock_out, break_minutes, note) VALUES
  ('a0000000-0000-0000-0000-000000000001', 'b0000000-0000-0000-0000-000000000001', '2026-03-08 07:50:00+09', '2026-03-08 17:05:00+09', 60, NULL),
  ('a0000000-0000-0000-0000-000000000001', 'b0000000-0000-0000-0000-000000000002', '2026-03-08 08:00:00+09', '2026-03-08 16:00:00+09', 60, NULL),
  ('a0000000-0000-0000-0000-000000000001', 'b0000000-0000-0000-0000-000000000003', '2026-03-08 09:00:00+09', '2026-03-08 15:00:00+09', 30, NULL),
  ('a0000000-0000-0000-0000-000000000001', 'b0000000-0000-0000-0000-000000000004', '2026-03-08 12:00:00+09', '2026-03-08 20:00:00+09', 30, NULL),
  ('a0000000-0000-0000-0000-000000000001', 'b0000000-0000-0000-0000-000000000001', '2026-03-09 07:45:00+09', '2026-03-09 17:00:00+09', 60, NULL),
  ('a0000000-0000-0000-0000-000000000001', 'b0000000-0000-0000-0000-000000000005', '2026-03-09 10:00:00+09', '2026-03-09 18:00:00+09', 60, NULL),
  ('a0000000-0000-0000-0000-000000000001', 'b0000000-0000-0000-0000-000000000001', '2026-03-10 07:55:00+09', '2026-03-10 17:10:00+09', 60, NULL),
  ('a0000000-0000-0000-0000-000000000001', 'b0000000-0000-0000-0000-000000000002', '2026-03-10 08:00:00+09', '2026-03-10 16:00:00+09', 60, NULL),
  ('a0000000-0000-0000-0000-000000000001', 'b0000000-0000-0000-0000-000000000003', '2026-03-10 09:00:00+09', '2026-03-10 14:00:00+09', 0, NULL),
  ('a0000000-0000-0000-0000-000000000001', 'b0000000-0000-0000-0000-000000000004', '2026-03-10 13:00:00+09', '2026-03-10 20:00:00+09', 30, NULL),
  ('a0000000-0000-0000-0000-000000000001', 'b0000000-0000-0000-0000-000000000001', '2026-03-11 08:00:00+09', '2026-03-11 17:00:00+09', 60, NULL),
  ('a0000000-0000-0000-0000-000000000001', 'b0000000-0000-0000-0000-000000000002', '2026-03-11 08:05:00+09', '2026-03-11 16:05:00+09', 60, NULL),
  ('a0000000-0000-0000-0000-000000000001', 'b0000000-0000-0000-0000-000000000005', '2026-03-11 10:00:00+09', '2026-03-11 16:00:00+09', 30, NULL),
  ('a0000000-0000-0000-0000-000000000001', 'b0000000-0000-0000-0000-000000000001', '2026-03-12 09:00:00+09', '2026-03-12 13:00:00+09', 0, NULL),
  ('a0000000-0000-0000-0000-000000000001', 'b0000000-0000-0000-0000-000000000001', '2026-03-13 07:50:00+09', '2026-03-13 17:00:00+09', 60, NULL),
  ('a0000000-0000-0000-0000-000000000001', 'b0000000-0000-0000-0000-000000000002', '2026-03-13 08:00:00+09', '2026-03-13 16:00:00+09', 60, NULL),
  ('a0000000-0000-0000-0000-000000000001', 'b0000000-0000-0000-0000-000000000003', '2026-03-13 09:00:00+09', '2026-03-13 15:00:00+09', 30, NULL),
  ('a0000000-0000-0000-0000-000000000001', 'b0000000-0000-0000-0000-000000000001', '2026-03-14 07:50:00+09', '2026-03-14 17:00:00+09', 60, NULL),
  ('a0000000-0000-0000-0000-000000000001', 'b0000000-0000-0000-0000-000000000002', '2026-03-14 08:00:00+09', '2026-03-14 16:00:00+09', 60, NULL),
  ('a0000000-0000-0000-0000-000000000001', 'b0000000-0000-0000-0000-000000000004', '2026-03-14 12:00:00+09', '2026-03-14 20:00:00+09', 30, NULL),
  ('a0000000-0000-0000-0000-000000000001', 'b0000000-0000-0000-0000-000000000005', '2026-03-14 12:00:00+09', '2026-03-14 20:00:00+09', 30, NULL),
  ('a0000000-0000-0000-0000-000000000001', 'b0000000-0000-0000-0000-000000000001', '2026-03-15 07:50:00+09', '2026-03-15 17:00:00+09', 60, NULL),
  ('a0000000-0000-0000-0000-000000000001', 'b0000000-0000-0000-0000-000000000002', '2026-03-15 08:00:00+09', '2026-03-15 16:00:00+09', 60, NULL),
  ('a0000000-0000-0000-0000-000000000001', 'b0000000-0000-0000-0000-000000000003', '2026-03-15 09:00:00+09', '2026-03-15 15:00:00+09', 30, NULL),
  ('a0000000-0000-0000-0000-000000000001', 'b0000000-0000-0000-0000-000000000001', '2026-03-16 07:50:00+09', '2026-03-16 17:00:00+09', 60, NULL),
  ('a0000000-0000-0000-0000-000000000001', 'b0000000-0000-0000-0000-000000000005', '2026-03-16 10:00:00+09', '2026-03-16 18:00:00+09', 60, NULL),
  ('a0000000-0000-0000-0000-000000000001', 'b0000000-0000-0000-0000-000000000001', '2026-03-17 08:00:00+09', '2026-03-17 17:00:00+09', 60, NULL),
  ('a0000000-0000-0000-0000-000000000001', 'b0000000-0000-0000-0000-000000000002', '2026-03-17 08:00:00+09', '2026-03-17 16:00:00+09', 60, NULL),
  ('a0000000-0000-0000-0000-000000000001', 'b0000000-0000-0000-0000-000000000003', '2026-03-17 09:00:00+09', '2026-03-17 14:00:00+09', 0, NULL),
  ('a0000000-0000-0000-0000-000000000001', 'b0000000-0000-0000-0000-000000000004', '2026-03-17 13:00:00+09', '2026-03-17 20:00:00+09', 30, NULL),
  ('a0000000-0000-0000-0000-000000000001', 'b0000000-0000-0000-0000-000000000001', '2026-03-18 08:00:00+09', '2026-03-18 17:00:00+09', 60, NULL),
  ('a0000000-0000-0000-0000-000000000001', 'b0000000-0000-0000-0000-000000000002', '2026-03-18 08:00:00+09', '2026-03-18 16:00:00+09', 60, NULL),
  ('a0000000-0000-0000-0000-000000000001', 'b0000000-0000-0000-0000-000000000005', '2026-03-18 10:00:00+09', '2026-03-18 16:00:00+09', 30, NULL),
  ('a0000000-0000-0000-0000-000000000001', 'b0000000-0000-0000-0000-000000000001', '2026-03-20 07:50:00+09', '2026-03-20 17:00:00+09', 60, NULL),
  ('a0000000-0000-0000-0000-000000000001', 'b0000000-0000-0000-0000-000000000002', '2026-03-20 08:00:00+09', '2026-03-20 16:00:00+09', 60, NULL),
  ('a0000000-0000-0000-0000-000000000001', 'b0000000-0000-0000-0000-000000000003', '2026-03-20 09:00:00+09', '2026-03-20 15:00:00+09', 30, NULL),
  ('a0000000-0000-0000-0000-000000000001', 'b0000000-0000-0000-0000-000000000004', '2026-03-20 12:00:00+09', '2026-03-20 20:00:00+09', 30, NULL),
  ('a0000000-0000-0000-0000-000000000001', 'b0000000-0000-0000-0000-000000000005', '2026-03-20 12:00:00+09', '2026-03-20 20:00:00+09', 30, NULL),
  ('a0000000-0000-0000-0000-000000000001', 'b0000000-0000-0000-0000-000000000001', '2026-03-21 07:50:00+09', '2026-03-21 17:00:00+09', 60, NULL),
  ('a0000000-0000-0000-0000-000000000001', 'b0000000-0000-0000-0000-000000000002', '2026-03-21 08:00:00+09', '2026-03-21 16:00:00+09', 60, NULL),
  ('a0000000-0000-0000-0000-000000000001', 'b0000000-0000-0000-0000-000000000004', '2026-03-21 13:00:00+09', '2026-03-21 20:00:00+09', 30, NULL);

-- CHECKLISTS
INSERT INTO checklists (store_id, timing, items) VALUES
  ('a0000000-0000-0000-0000-000000000001', 'clock_in', '[{"label":"店内清掃完了","type":"bool"},{"label":"冷蔵庫温度","type":"number","min":0,"max":10},{"label":"冷凍庫温度","type":"number","min":-25,"max":-15},{"label":"食材鮮度チェック","type":"bool"},{"label":"手洗い消毒実施","type":"bool"},{"label":"体温","type":"number","min":35,"max":37.5}]'),
  ('a0000000-0000-0000-0000-000000000001', 'clock_out', '[{"label":"冷蔵庫温度","type":"number","min":0,"max":10},{"label":"冷凍庫温度","type":"number","min":-25,"max":-15},{"label":"厨房清掃完了","type":"bool"},{"label":"ゴミ処理完了","type":"bool"},{"label":"施錠確認","type":"bool"}]');

-- CHECK_RECORDS
INSERT INTO check_records (store_id, staff_id, user_id, timing, results, all_checked, checked_at) VALUES
  ('a0000000-0000-0000-0000-000000000001', 'b0000000-0000-0000-0000-000000000001', '7ce8ec96-a689-41b8-983e-3cb66528b908', 'clock_in',
   '[{"label":"店内清掃完了","value":true},{"label":"冷蔵庫温度","value":5},{"label":"冷凍庫温度","value":-20},{"label":"食材鮮度チェック","value":true},{"label":"手洗い消毒実施","value":true},{"label":"体温","value":36.2}]',
   true, '2026-03-20 08:00:00+09'),
  ('a0000000-0000-0000-0000-000000000001', 'b0000000-0000-0000-0000-000000000001', '7ce8ec96-a689-41b8-983e-3cb66528b908', 'clock_out',
   '[{"label":"冷蔵庫温度","value":4},{"label":"冷凍庫温度","value":-19},{"label":"厨房清掃完了","value":true},{"label":"ゴミ処理完了","value":true},{"label":"施錠確認","value":true}]',
   true, '2026-03-20 17:00:00+09'),
  ('a0000000-0000-0000-0000-000000000001', 'b0000000-0000-0000-0000-000000000002', '38b8604e-a0f8-4107-8cdc-7de93f73c78f', 'clock_in',
   '[{"label":"店内清掃完了","value":true},{"label":"冷蔵庫温度","value":6},{"label":"冷凍庫温度","value":-18},{"label":"食材鮮度チェック","value":true},{"label":"手洗い消毒実施","value":true},{"label":"体温","value":36.5}]',
   true, '2026-03-21 08:00:00+09');

-- SHIFTS
INSERT INTO shifts (store_id, staff_id, date, start_time, end_time, break_minutes, status, note) VALUES
  ('a0000000-0000-0000-0000-000000000001', 'b0000000-0000-0000-0000-000000000001', '2026-03-23', '08:00', '17:00', 60, 'published', NULL),
  ('a0000000-0000-0000-0000-000000000001', 'b0000000-0000-0000-0000-000000000002', '2026-03-23', '08:00', '16:00', 60, 'published', NULL),
  ('a0000000-0000-0000-0000-000000000001', 'b0000000-0000-0000-0000-000000000003', '2026-03-23', '09:00', '15:00', 30, 'published', NULL),
  ('a0000000-0000-0000-0000-000000000001', 'b0000000-0000-0000-0000-000000000001', '2026-03-24', '08:00', '17:00', 60, 'published', NULL),
  ('a0000000-0000-0000-0000-000000000001', 'b0000000-0000-0000-0000-000000000002', '2026-03-24', '08:00', '16:00', 60, 'published', NULL),
  ('a0000000-0000-0000-0000-000000000001', 'b0000000-0000-0000-0000-000000000004', '2026-03-24', '12:00', '20:00', 30, 'published', NULL),
  ('a0000000-0000-0000-0000-000000000001', 'b0000000-0000-0000-0000-000000000001', '2026-03-25', '08:00', '17:00', 60, 'published', NULL),
  ('a0000000-0000-0000-0000-000000000001', 'b0000000-0000-0000-0000-000000000002', '2026-03-25', '08:00', '16:00', 60, 'published', NULL),
  ('a0000000-0000-0000-0000-000000000001', 'b0000000-0000-0000-0000-000000000005', '2026-03-25', '10:00', '16:00', 30, 'published', NULL),
  ('a0000000-0000-0000-0000-000000000001', 'b0000000-0000-0000-0000-000000000001', '2026-03-26', '09:00', '13:00', 0, 'published', NULL),
  ('a0000000-0000-0000-0000-000000000001', 'b0000000-0000-0000-0000-000000000001', '2026-03-27', '08:00', '17:00', 60, 'published', NULL),
  ('a0000000-0000-0000-0000-000000000001', 'b0000000-0000-0000-0000-000000000002', '2026-03-27', '08:00', '16:00', 60, 'published', NULL),
  ('a0000000-0000-0000-0000-000000000001', 'b0000000-0000-0000-0000-000000000003', '2026-03-27', '09:00', '15:00', 30, 'published', NULL),
  ('a0000000-0000-0000-0000-000000000001', 'b0000000-0000-0000-0000-000000000004', '2026-03-27', '12:00', '20:00', 30, 'published', NULL),
  ('a0000000-0000-0000-0000-000000000001', 'b0000000-0000-0000-0000-000000000001', '2026-03-28', '08:00', '17:00', 60, 'published', NULL),
  ('a0000000-0000-0000-0000-000000000001', 'b0000000-0000-0000-0000-000000000002', '2026-03-28', '08:00', '16:00', 60, 'published', NULL),
  ('a0000000-0000-0000-0000-000000000001', 'b0000000-0000-0000-0000-000000000005', '2026-03-28', '12:00', '20:00', 30, 'published', NULL),
  ('a0000000-0000-0000-0000-000000000001', 'b0000000-0000-0000-0000-000000000001', '2026-03-30', '08:00', '17:00', 60, 'draft', NULL),
  ('a0000000-0000-0000-0000-000000000001', 'b0000000-0000-0000-0000-000000000002', '2026-03-30', '08:00', '16:00', 60, 'draft', NULL),
  ('a0000000-0000-0000-0000-000000000001', 'b0000000-0000-0000-0000-000000000003', '2026-03-30', '09:00', '15:00', 30, 'draft', NULL);

-- SHIFT_REQUESTS
INSERT INTO shift_requests (store_id, staff_id, date, request_type, start_time, end_time, note) VALUES
  ('a0000000-0000-0000-0000-000000000001', 'b0000000-0000-0000-0000-000000000003', '2026-03-30', 'available', '09:00', '15:00', NULL),
  ('a0000000-0000-0000-0000-000000000001', 'b0000000-0000-0000-0000-000000000003', '2026-03-31', 'unavailable', NULL, NULL, '大学の試験'),
  ('a0000000-0000-0000-0000-000000000001', 'b0000000-0000-0000-0000-000000000004', '2026-03-30', 'preferred', '12:00', '20:00', NULL),
  ('a0000000-0000-0000-0000-000000000001', 'b0000000-0000-0000-0000-000000000004', '2026-03-31', 'available', '12:00', '20:00', NULL),
  ('a0000000-0000-0000-0000-000000000001', 'b0000000-0000-0000-0000-000000000005', '2026-03-30', 'unavailable', NULL, NULL, '通院'),
  ('a0000000-0000-0000-0000-000000000001', 'b0000000-0000-0000-0000-000000000005', '2026-04-01', 'preferred', '10:00', '18:00', NULL);

-- SHIFT_TEMPLATES
INSERT INTO shift_templates (store_id, name, start_time, end_time, break_minutes, color) VALUES
  ('a0000000-0000-0000-0000-000000000001', '早番', '08:00', '16:00', 60, '#4CAF50'),
  ('a0000000-0000-0000-0000-000000000001', '遅番', '12:00', '20:00', 30, '#2196F3'),
  ('a0000000-0000-0000-0000-000000000001', '通し', '08:00', '20:00', 90, '#FF9800'),
  ('a0000000-0000-0000-0000-000000000001', '午前のみ', '08:00', '13:00', 0, '#9C27B0');

-- STORE_INVITATIONS
INSERT INTO store_invitations (store_id, name, email, role, hourly_wage, invited_by) VALUES
  ('a0000000-0000-0000-0000-000000000001', '中村 真理', 'nakamura@example.com', 'staff', 1100, '7ce8ec96-a689-41b8-983e-3cb66528b908');

-- ATTENDANCE_POLICIES
INSERT INTO attendance_policies (store_id, timezone, business_day_cutoff_hour, rounding_unit_minutes, rounding_mode, auto_close_break_before_clock_out, require_manager_approval) VALUES
  ('a0000000-0000-0000-0000-000000000001', 'Asia/Tokyo', 5, 1, 'none', false, true);
